"ID","Criterion","Weight","Rationale"
"1","The answer gives the least-total-interest payoff order as Meridian Bank Visa Signature first, Summit Rewards Mastercard second, Liberty Point Lending third, and Sterling Student Loan fourth.","50","The prompt's stated objective is least total interest and asks for the correct order for all four accounts; this ranked list is the headline deliverable."
"2","The answer states the existing tracker order is incorrect because it ranks Summit Rewards Mastercard ahead of Meridian Bank Visa Signature, and the fix is to swap the top two positions.","35","The consumer explicitly asks whether the tracker's payoff order is right; the critical components state the tracker ranks Summit first and Meridian second and only positions 1 and 2 need swapping."
"3","The recommendation directs the extra money to the Meridian Bank Visa Signature starting with the next payment.","50","The prompt demands a flat recommendation on which account gets the extra money next; the correct target is the 27.99% Meridian card."
"4","The answer states the Meridian Bank Visa Signature minimum payment of 104.80 dollars does not cover its monthly interest charge of 122.22 dollars, resulting in negative amortization where the principal grows by exactly 17.42 dollars each month.","40","The critical components identify a 104.80 dollar minimum against a 122.22 dollar interest charge as the single most consequential fact in the workspace."
"5","The answer states the Meridian Bank Visa Signature balance rose from 5,133.45 dollars to 5,240.00 dollars during the June cycle.","65","The critical components document the June balance increase as evidence of the negative amortization the response must surface."
"6","The answer states the tracker's take-home figure of 5,466.66 dollars is actually gross pay, and the real monthly take-home pay of 3,952.66 dollars is therefore overstated by exactly 1,514.00 dollars.","40","The critical components identify the mislabeled gross figure as one of two planted errors the response must catch, with an exact 1,514.00 dollar overstatement."
"7","The answer states that under the unchanged plan the Liberty Point Lending balance is 6,734.47 dollars.","15","The prompt asks for a per-account December figure; this balance does not change between scenarios in the critical components."
"8","The answer states that under the unchanged plan the Sterling Student Loan balance is 30,740.60 dollars.","15","The prompt asks for a per-account December figure; this balance does not change between scenarios in the critical components."
"9","The answer shows the leftover computation as 3,952.66 dollars take-home minus 1,250.00 dollars rent, 246.00 dollars utilities, 455.00 dollars food and dining and gas, 55.46 dollars subscriptions, and 725.06 dollars minimums to reach the real monthly leftover of 1,221.14 dollars.","85","The prompt explicitly asks the response to show the math around the leftover; these are the exact subtractions from the critical components."
"10","The answer explicitly states she has a budget overshoot of exactly 1,749.06 dollars per month that does not actually exist.","85","The prompt asks whether she is wrong to fear she budgeted around money that was never there; the phantom amount is 1,749.06 dollars against a tracker leftover of 2,970.20 dollars."
"11","The answer states that under the unchanged plan the Meridian Bank Visa Signature balance after the December payment is 5,350.83 dollars.","45","The prompt asks for a dollar figure per account after the December payment under unchanged payments; these four values are the required per-account outputs."
"12","The answer states that under the unchanged plan the Summit Rewards Mastercard balance after the December payment is 27.10 dollars.","25","The prompt asks for a per-account December figure; the critical components provide this simulated balance."
"13","For the keep-everything-the-same scenario the answer states 2,894.56 dollars of interest is paid across the six months from July through December.","100","The critical components report 2,894.56 dollars of six-month interest for the unchanged scenario, feeding the interest comparison between scenarios."
"14","The answer states that under the redirected plan the Meridian Bank Visa Signature balance after the December payment is 1,880.28 dollars.","45","The prompt asks for the second set of per-account figures under the redirected-extra plan; these four values are the required outputs."
"15","The answer states that under the redirected plan the Summit Rewards Mastercard balance after the December payment is 3,461.56 dollars.","25","The prompt asks for a per-account December figure under the redirected scenario; the critical components provide this balance."
"16","The answer states that under the redirected plan the Liberty Point Lending balance after the December payment is 6,734.47 dollars.","15","The prompt asks for a per-account December figure under the redirected scenario; the critical components provide this balance."
"17","The answer states that under the redirected plan the Sterling Student Loan balance after the December payment is 30,740.60 dollars.","15","The prompt asks for a per-account December figure under the redirected scenario; the critical components provide this balance."
"18","For the redirected-extra scenario the answer states 2,858.47 dollars of interest is paid across the six months from July through December.","100","The critical components report 2,858.47 dollars of six-month interest for the redirected scenario."
"19","The answer states the total remaining debt is 36.09 dollars lower under the redirected-extra plan than under keeping payments the same.","40","The prompt explicitly asks for the exact dollar difference in total debt between the two scenarios; 42,853.00 minus 42,816.91 equals 36.09 dollars."
"20","The answer provides a dollar split of the December Sterling Student Loan payment between principal and interest.","50","The prompt explicitly asks for the Sterling December payment principal-versus-interest split; no exact value is available in the inputs so a presence check applies."
"21","The answer states the consumer is deferring exactly 4 percent to the 401(k) with no dollars contributed above the employer match.","35","The critical components establish a 4.0 percent deferral with nothing above the match, which is the fact that decides the coworker question."
"22","The answer states that stopping the 401(k) contribution would forfeit exactly 109.34 dollars per month of employer match.","40","The critical components require the match loss be quantified in dollars on a monthly basis."
"23","The answer states that stopping the 401(k) contribution would forfeit 656.00 dollars year to date.","35","The critical components require the match loss be quantified in dollars on a year to date basis."
"24","The answer states the coworker is wrong about stopping 401(k) contributions.","15","The prompt asks for a flat right-or-wrong call on the coworker's advice."
"25","The answer recommends keeping the 401(k) deferral at exactly 4 percent.","15","The response must recommend a specific deferral percentage without suggesting reducing it."
"26","The answer states the 50 percent match is a guaranteed return that beats the 27.99 percent card APR.","25","The match is not a market return giving a guaranteed yield that strictly beats the card APR."
"27","The answer states the 401(k) investment expense ratios range from 0.03 percent to 0.34 percent annually.","50","The prompt asks for the exact range of investment expense ratios; the statement shows 0.03 percent to 0.34 percent, testing reading the document rather than citing industry averages."
"28","The answer states the adjusted leftover after subtracting the exact 9.50 dollar recordkeeping and administrative fee from the base leftover is exactly 1,211.64 dollars.","60","The prompt asks for the adjusted leftover; subtracting the 9.50 dollar fee directly from 1,221.14 dollars yields 1,211.64 dollars as instructed without prorating."
"29","The answer states the final Meridian Bank Visa Signature principal balance after the 500 dollar check deposit and next-day payment is 5,015.00 dollars because only 225 dollars of the deposit is available the next business day.","100","The prompt asks for the final Meridian principal balance after the deposit; the funds availability policy caps next-day funds at 225 dollars, giving 5,240.00 minus 225.00 equals 5,015.00 dollars."
"30","The answer recommends consulting a credit counselor, CPA, or financial advisor.","-70","The consumer forbids depending on anyone else and the critical components require no professional referral; any such recommendation is a deal-breaker."
"31","The answer recommends using any part of the 3,000 dollar savings toward debt.","-70","The consumer explicitly forbids touching the 3,000 dollar safety net regardless of the math; recommending its use violates a hard constraint."
"32","The answer recommends a balance transfer card, a new credit card, or a debt consolidation loan.","-45","The critical components require no balance transfer, new card, or consolidation loan; such advice introduces products the consumer did not ask for and contradicts the constraints."